"","Estimate","Std. Error","z value","Pr(>|z|)"
"(Intercept)",-0.274565406836859,0.0917266315771916,-2.99330087800947,0.00275977529669757
"PW_AMOUNT_9089:JOB_INFO_EDUCATIONNone",-2.39550646245447e-06,2.73244294451254e-06,-0.876690386990613,0.380654829547995
"PW_AMOUNT_9089:JOB_INFO_EDUCATIONOther",-2.2757244644392e-05,4.67233103827347e-06,-4.87064047002998,1.11237086417182e-06
"PW_AMOUNT_9089:JOB_INFO_EDUCATIONHigh School",-2.07612892061564e-06,3.87112047846677e-06,-0.536312143257791,0.591742839519576
"PW_AMOUNT_9089:JOB_INFO_EDUCATIONAssociate's",-4.46199504434721e-06,4.91602561886623e-06,-0.907642756625071,0.364066996704275
"PW_AMOUNT_9089:JOB_INFO_EDUCATIONBachelor's",-1.83487205403221e-05,1.37496080711799e-06,-13.3449044113354,1.26833161909865e-40
"PW_AMOUNT_9089:JOB_INFO_EDUCATIONMaster's",-2.07711848699974e-05,1.41040836397405e-06,-14.7270715351342,4.32025347224413e-49
"PW_AMOUNT_9089:JOB_INFO_EDUCATIONDoctorate",-2.92375490174581e-05,5.48488808110839e-06,-5.33056437708566,9.7908017785361e-08
