"","Estimate","Std. Error","z value","Pr(>|z|)"
"(Intercept)",-1.27490973085865,0.0588046742339929,-21.6804148218829,3.1403658494002e-104
"JOB_INFO_EXPERIENCEY:RECR_INFO_COLL_UNIV_TEACHERY",-12.2911567625081,189.296443100669,-0.064930732776482,0.948229150999748
"JOB_INFO_EXPERIENCEN:RECR_INFO_COLL_UNIV_TEACHERY",-1.26781648981836,0.396927055798787,-3.19407929315117,0.00140277581593751
"JOB_INFO_EXPERIENCEY:RECR_INFO_COLL_UNIV_TEACHERN",-0.391402464144767,0.0826780953783192,-4.73405274218986,2.20080497162606e-06
