"","Estimate","Std. Error","z value","Pr(>|z|)"
"(Intercept)",-2.07944154018203,0.433002251934913,-4.80238042848471,1.56790447705571e-06
"ADMINObama:PW_LEVEL_9089Level I",0.674098984091637,0.448525777929953,1.50292138659846,0.13285931730666
"ADMINTrump:PW_LEVEL_9089Level I",1.4531030292943,0.444893282451316,3.26618334466156,0.00109007646664212
"ADMINObama:PW_LEVEL_9089Level II",0.163119348327447,0.446314326100417,0.365480870293074,0.714752483948384
"ADMINTrump:PW_LEVEL_9089Level II",0.503905179423635,0.44821971373771,1.12423698462873,0.260912503329128
"ADMINObama:PW_LEVEL_9089Level III",0.355593276570226,0.453150270562863,0.784713812767981,0.432621382342611
"ADMINTrump:PW_LEVEL_9089Level III",0.556571644056424,0.466047574412423,1.19423783024325,0.232384948863607
"ADMINObama:PW_LEVEL_9089Level IV",-0.169968747422791,0.455220969562729,-0.373376357389813,0.708868353357614
"ADMINTrump:PW_LEVEL_9089Level IV",0.657042174420134,0.453588939335942,1.44854099701384,0.147465808970381
