"","Estimate","Std. Error","z value","Pr(>|z|)"
"(Intercept)",-1.22458090891088,0.0595388865067187,-20.5677495962691,5.33864187465893e-94
"ADMINObama:RECR_INFO_COLL_UNIV_TEACHERY",-1.63761997044267,0.517509981902228,-3.16442199708538,0.001553913086793
"ADMINTrump:RECR_INFO_COLL_UNIV_TEACHERY",-0.972643668425395,0.611486094973606,-1.59062270821936,0.111694510840956
"ADMINObama:RECR_INFO_COLL_UNIV_TEACHERN",-0.470700565362009,0.0828259516825486,-5.68300823353153,1.32345894917043e-08
