"","Estimate","Std. Error","z value","Pr(>|z|)"
"(Intercept)",-0.265951029800873,0.119078257012275,-2.23341386138577,0.0255216649329131
"PW_AMOUNT_9089:RECR_INFO_PROFESSIONAL_OCCY",-2.0322249767168e-05,1.59658741385653e-06,-12.7285544097332,4.10366630529315e-37
"PW_AMOUNT_9089:RECR_INFO_PROFESSIONAL_OCCN",-1.59178065667737e-05,4.08679754686165e-06,-3.89493396339082,9.82254865900472e-05
