"","Estimate","Std. Error","z value","Pr(>|z|)"
"(Intercept)",-0.277739940611482,0.111152898835199,-2.49871972321003,0.0124642846955069
"PW_AMOUNT_9089:FOREIGN_WORKER_INFO_EDUCATIONAssociate's",-1.09789452401858e-05,7.02765570457883e-06,-1.56224859351498,0.118229437073553
"PW_AMOUNT_9089:FOREIGN_WORKER_INFO_EDUCATIONBachelor's",-2.02984332921954e-05,1.84496868316672e-06,-11.0020476105616,3.73551877460506e-28
"PW_AMOUNT_9089:FOREIGN_WORKER_INFO_EDUCATIONDoctorate",-2.65508115189864e-05,4.80110122247479e-06,-5.53015033190665,3.19956470804518e-08
"PW_AMOUNT_9089:FOREIGN_WORKER_INFO_EDUCATIONHigh School",-3.77311385397399e-06,5.05768077226348e-06,-0.746016607980855,0.45565738255803
"PW_AMOUNT_9089:FOREIGN_WORKER_INFO_EDUCATIONMaster's",-2.06924766166391e-05,1.76515260021601e-06,-11.7227692461869,9.74340120948142e-32
"PW_AMOUNT_9089:FOREIGN_WORKER_INFO_EDUCATIONNone",-1.0896347723709e-05,4.13599567551234e-06,-2.63451622742793,0.00842572761702085
"PW_AMOUNT_9089:FOREIGN_WORKER_INFO_EDUCATIONOther",-1.84224814253005e-05,4.17363455133888e-06,-4.41401402031968,1.01471382954659e-05
