"","Estimate","Std. Error","z value","Pr(>|z|)"
"(Intercept)",-0.216470490070809,0.109917562594975,-1.96938946752724,0.0489083843000282
"PW_AMOUNT_9089:JOB_INFO_EXPERIENCEY",-2.17086900215675e-05,1.71605035416345e-06,-12.6503805490895,1.11334240770012e-36
"PW_AMOUNT_9089:JOB_INFO_EXPERIENCEN",-1.92887809604965e-05,1.81866797755619e-06,-10.6059936165014,2.79477332893661e-26
