"","Estimate","Std. Error","z value","Pr(>|z|)"
"(Intercept)",-0.0717993578213708,0.0999642697614877,-0.718250210727116,0.472603023608294
"PW_LEVEL_9089N/A:PW_AMOUNT_9089",-5.07147500321992e-05,1.96675358631237e-05,-2.57860213832321,0.00992009683381605
"PW_LEVEL_9089Level I:PW_AMOUNT_9089",-2.35366951344851e-05,2.62099298491326e-06,-8.98006796277784,2.70599559835161e-19
"PW_LEVEL_9089Level II:PW_AMOUNT_9089",-2.30422412443401e-05,1.64663102220155e-06,-13.9935668244199,1.70634843912229e-44
"PW_LEVEL_9089Level III:PW_AMOUNT_9089",-1.94671170059207e-05,1.75843471371732e-06,-11.0707078597006,1.74020543389013e-28
"PW_LEVEL_9089Level IV:PW_AMOUNT_9089",-1.77885953185354e-05,1.39060316991521e-06,-12.7919996900482,1.8173667567908e-37
