"","Estimate","Std. Error","z value","Pr(>|z|)"
"(Intercept)",-0.018194933457048,0.0869402523692423,-0.209280890740605,0.834228968462241
"ADMINObama:PW_AMOUNT_9089",-2.30582386805423e-05,1.35321488885812e-06,-17.0395987144359,4.17586935618337e-65
"ADMINTrump:PW_AMOUNT_9089",-1.87849532131751e-05,1.35458309271024e-06,-13.8677009289923,9.94124058090626e-44
