"","Estimate","Std. Error","z value","Pr(>|z|)"
"(Intercept)",-0.133558137696514,0.0885892219169929,-1.5076115898349,0.131653964725243
"PW_AMOUNT_9089:FOREIGN_WORKER_INFO_STATENewEngland",-1.87435851581732e-05,2.56367805884349e-06,-7.31120863382852,2.64750083910612e-13
"PW_AMOUNT_9089:FOREIGN_WORKER_INFO_STATEMidAtlantic",-1.85711973374313e-05,1.73091013792589e-06,-10.7291516356157,7.42749244459408e-27
"PW_AMOUNT_9089:FOREIGN_WORKER_INFO_STATESouth",-2.15470809099039e-05,2.01325004282577e-06,-10.7026352671329,9.89241248896347e-27
"PW_AMOUNT_9089:FOREIGN_WORKER_INFO_STATEMidwest",-2.20734851680869e-05,2.08284899721445e-06,-10.5977366566695,3.0527893739642e-26
"PW_AMOUNT_9089:FOREIGN_WORKER_INFO_STATESouthwest",-1.9578235019443e-05,2.11327222786992e-06,-9.26441693656146,1.9614604196498e-20
"PW_AMOUNT_9089:FOREIGN_WORKER_INFO_STATEWest",-2.16168533919105e-05,1.45642709348522e-06,-14.8423861988049,7.7933694217636e-50
"PW_AMOUNT_9089:FOREIGN_WORKER_INFO_STATENA",-4.37193155265969e-06,2.64721900225171e-06,-1.65151864992695,0.0986327157792125
