"","Estimate","Std. Error","z value","Pr(>|z|)"
"(Intercept)",-1.44498735418969e-14,0.100758544371973,-1.43410900107408e-13,0.999999999999886
"ADMINObama:RECR_INFO_PROFESSIONAL_OCCY",-2.07944154018225,0.123744032765547,-16.8043783098785,2.26676663873442e-63
"ADMINTrump:RECR_INFO_PROFESSIONAL_OCCY",-1.83071926581688,0.129993072056569,-14.0832064113402,4.81734748494521e-45
"ADMINObama:RECR_INFO_PROFESSIONAL_OCCN",-0.63927419061976,0.144344468853443,-4.42880974725004,9.47545611390174e-06
