"","Estimate","Std. Error","z value","Pr(>|z|)"
"(Intercept)",-0.187803272967314,0.108697495268456,-1.72776081457522,0.0840311153937041
"PW_AMOUNT_9089:REGIONAFRICA",-7.00160450776077e-06,4.63197351094284e-06,-1.51158129277289,0.130640413686566
"PW_AMOUNT_9089:REGIONASIA",-2.39043350388419e-05,1.70360879698498e-06,-14.0315869941195,9.98909382680892e-45
"PW_AMOUNT_9089:REGIONCANADA",-1.77504890434152e-05,3.96473130610056e-06,-4.47709760711964,7.56646611929291e-06
"PW_AMOUNT_9089:REGIONEUROPE",-1.60980355799436e-05,2.49225864426353e-06,-6.45921546585733,1.05247171835281e-10
"PW_AMOUNT_9089:REGIONLATIN AMERICA",-8.86932143483788e-06,2.5905941671539e-06,-3.42366301418101,0.000617831835457177
"PW_AMOUNT_9089:REGIONMIDDLE EAST",-1.89569700787403e-05,5.87887022072404e-06,-3.22459407454067,0.00126151401335734
"PW_AMOUNT_9089:REGIONOCEANIA",-2.07932837889045e-05,1.02874036843193e-05,-2.02123727492087,0.0432552088075154
