"","Estimate","Std. Error","z value","Pr(>|z|)"
"(Intercept)",0.015187734520686,0.0877829595165715,0.173014610174073,0.862639943550674
"PW_AMOUNT_9089:RECR_INFO_COLL_UNIV_TEACHERY",-4.9009355311031e-05,8.08809599355877e-06,-6.05944283426672,1.36593861055074e-09
"PW_AMOUNT_9089:RECR_INFO_COLL_UNIV_TEACHERN",-2.13243407435796e-05,1.21699806537162e-06,-17.5220826970404,9.72010200877347e-69
