"","Estimate","Std. Error","z value","Pr(>|z|)"
"(Intercept)",-0.117445254872955,0.0757774133928736,-1.54987151994819,0.121172356600046
"RECR_INFO_PROFESSIONAL_OCCN:RECR_INFO_COLL_UNIV_TEACHERY",-2.51135557455564,0.398632343493242,-6.29992928458454,2.97781468475374e-10
"RECR_INFO_PROFESSIONAL_OCCY:RECR_INFO_COLL_UNIV_TEACHERN",-1.86240316938508,0.0931015469425667,-20.0039981133072,5.08297097691176e-89
