"","Estimate","Std. Error","z value","Pr(>|z|)"
"(Intercept)",-1.10624591352026,0.0874542964982545,-12.6494175565444,1.1270725764159e-36
"ADMINObama:JOB_INFO_EXPERIENCEY",-0.865709713098403,0.122082433018245,-7.09118987634382,1.32963762245834e-12
"ADMINTrump:JOB_INFO_EXPERIENCEY",-0.222591392574311,0.118610610437433,-1.87665666463902,0.0605651656614234
"ADMINObama:JOB_INFO_EXPERIENCEN",-0.363479074945132,0.116951312643183,-3.10795207621228,0.00188388614069007
